source,time,latitude,longitude,depth_km,magnitude,fault delta,coast delta
seismic,2025-01-01 05:57:00.230,44.9207,-74.4804,6.245,2.5,362.903,14.551648788614324
seismic,2025-01-01 22:32:07.210,36.477666666667,-89.569666666667,9.15,1.29,0.0,656.4243472956693
seismic,2025-01-02 09:17:44.160,45.2495,-69.157,6.424,1.9,296.818,81.64746555321075
seismic,2025-01-02 10:35:57.840,36.554333333333,-89.633833333333,10.23,1.8,0.0,666.0808813284773
seismic,2025-01-03 02:21:53.100,36.5525,-89.6475,7.27,1.5,0.0,666.1609637455609
seismic,2025-01-03 06:42:59.240,36.553,-89.648,7.53,1.53,0.0,666.225732701471
seismic,2025-01-03 09:32:07.510,36.558833333333,-89.6465,7.47,2.18,0.0,666.8305878018672
seismic,2025-01-03 16:39:45.750,36.694333333333,-89.508666666667,11.1,1.28,0.0,678.9560295205416
seismic,2025-01-05 09:43:21.010,36.534333333333,-89.619,8.6,1.72,0.0,663.5984074452024
seismic,2025-01-08 12:00:58.890,34.303333333333,-81.3105,2.95,1.86,124.063,201.40768335901708
seismic,2025-01-10 11:01:27.350,36.54,-89.618833333333,8.87,2.35,0.0,664.2130158553329
seismic,2025-01-11 18:23:45.000,35.463333333333,-84.480166666667,16.53,2.17,258.931,466.0363568236922
seismic,2025-01-11 21:53:20.898,45.8838,-75.8786,10.0,2.1,515.278,122.13766153995041
seismic,2025-01-13 11:28:36.161,40.6925,-74.7666,1.812,1.4,389.844,45.28688190217659
seismic,2025-01-14 22:28:51.880,37.707,-77.605833333333,0.12,2.77,17.093,50.68672539160737
seismic,2025-01-15 07:50:28.380,37.7085,-77.599333333333,0.04,2.31,17.684,50.4732478017789
seismic,2025-01-16 11:33:13.113,43.1189,-76.4481,5.262,1.6,443.829,251.28788241616874
seismic,2025-01-16 18:49:01.590,34.997166666667,-84.9895,2.8,1.75,315.359,468.93907081061224
seismic,2025-01-17 12:16:17.518,46.8026,-67.8764,12.166,1.8,495.645,153.51955587533394
seismic,2025-01-18 02:15:33.160,36.558666666667,-89.6455,7.63,1.34,0.0,666.7918980928475
seismic,2025-01-18 13:20:12.770,36.317666666667,-89.47,5.29,2.37,0.0,636.9927787049766
seismic,2025-01-18 22:13:39.664,41.4856,-72.4576,10.021,1.8,187.458,14.426799981659912
seismic,2025-01-19 02:43:52.570,35.4965,-84.099,11.62,2.08,255.901,444.5123010215785
seismic,2025-01-19 10:22:35.676,43.1552,-71.8266,4.032,1.6,76.765,86.30186057410408
seismic,2025-01-20 23:54:04.690,36.776833333333,-89.469166666667,11.36,1.56,0.0,687.2916840423455
seismic,2025-01-21 22:48:36.870,35.676666666667,-84.1495,10.76,1.84,235.438,462.47772133633606
seismic,2025-01-23 18:42:13.750,36.595333333333,-89.386166666667,5.42,1.91,0.0,665.9079730977783
seismic,2025-01-24 18:02:24.931,40.9663,-74.0804,8.155,2.4,325.734,14.045003488102457
seismic,2025-01-25 00:01:18.280,34.693666666667,-85.353333333333,16.33,2.34,355.022,473.8444301613961
seismic,2025-01-26 11:59:59.904,44.9033,-74.5047,3.152,1.4,363.224,15.501011555258408
seismic,2025-01-26 18:25:20.540,36.2145,-89.603333333333,8.82,1.8,0.0,628.4409955480999
seismic,2025-01-27 08:02:28.210,36.257333333333,-89.493,8.79,1.48,0.0,630.8463826588957
seismic,2025-01-27 15:22:56.847,43.0657,-70.5707,10.646,3.8,29.994,7.910745858633455
seismic,2025-01-27 19:08:23.195,40.6981,-74.7862,3.79,1.5,390.766,47.04497026994574
seismic,2025-01-28 05:03:54.103,39.377,-81.3836,5.0,2.2,202.72,361.71824437290564
seismic,2025-01-28 13:43:38.260,36.556333333333,-89.647666666667,6.9,1.9,0.0,666.5821138441873
seismic,2025-01-29 08:15:33.545,43.0656,-70.5681,9.848,2.0,30.115,8.108438221195794
seismic,2025-01-29 14:48:51.540,36.408833333333,-89.515166666667,8.37,1.21,0.0,647.8332753317527
seismic,2025-01-29 18:33:38.773,44.1997,-70.2365,10.314,1.8,155.56,37.273464024291805
seismic,2025-01-30 03:42:53.970,36.2425,-89.4505,7.0,1.82,0.0,628.3975910369194
seismic,2025-01-31 01:17:27.090,35.764166666667,-84.063333333333,15.09,1.52,226.376,464.81925680851674
seismic,2025-01-31 08:47:35.140,34.137333333333,-80.728,3.09,2.0,97.022,159.28673352385
seismic,2025-01-31 09:40:20.740,35.156833333333,-84.602,16.91,1.87,293.739,451.631036023203
seismic,2025-02-02 07:56:43.421,44.6864,-74.6509,7.924,2.2,358.548,35.16918414016783
seismic,2025-02-02 12:57:59.325,43.0674,-70.509,12.33,2.0,33.401,12.475591744388517
seismic,2025-02-02 18:57:36.050,36.554,-89.644833333333,7.38,1.94,0.0,666.2696316488663
seismic,2025-02-03 08:03:32.100,36.2675,-89.4775,6.47,1.43,0.0,631.6532993371655
seismic,2025-02-03 09:11:42.430,36.553666666667,-89.644,7.59,2.09,0.0,666.216200245695
seismic,2025-02-03 21:04:52.850,38.92,-82.581333333333,25.91,3.1,175.129,453.4041464245096
seismic,2025-02-03 22:58:25.057,39.3773,-81.3893,10.0,2.8,202.892,362.1954633236663
seismic,2025-02-04 04:32:25.890,36.476833333333,-89.561,8.99,1.97,0.0,656.1614508507877
seismic,2025-02-04 06:20:40.789,46.9416,-70.9149,10.514,2.0,451.223,2.0073131386842027
seismic,2025-02-05 01:12:14.875,39.3805,-81.3744,6.903,2.4,202.872,361.0705859533156
seismic,2025-02-06 13:48:37.290,35.436666666667,-84.2475,15.48,1.87,261.808,448.9575005714264
seismic,2025-02-08 14:02:54.536,40.6859,-74.7708,4.235,1.4,390.572,45.36921132912073
seismic,2025-02-09 06:36:37.850,34.977166666667,-82.898333333333,1.93,1.62,267.868,330.8688710778001
seismic,2025-02-11 11:17:27.340,36.108666666667,-89.4425,13.05,1.94,0.0,613.6133827586507
seismic,2025-02-13 06:44:41.011,47.5193,-70.1176,15.206,1.6,518.664,7.046717488478719
seismic,2025-02-13 06:45:37.794,47.5457,-70.139,16.718,1.6,521.368,5.048545543201439
seismic,2025-02-13 16:38:34.870,35.667833333333,-88.763333333333,12.94,2.4,65.562,554.4121456465246
seismic,2025-02-13 19:29:47.920,35.5045,-84.4695,7.51,1.42,254.287,468.52354569537965
seismic,2025-02-15 12:46:15.940,34.113833333333,-80.7315,2.42,1.95,94.383,158.15770344703097
seismic,2025-02-16 09:46:31.480,36.556166666667,-89.644333333333,8.46,1.48,0.0,666.4955001215302
seismic,2025-02-16 09:46:31.830,36.556166666667,-89.648,7.62,1.6,0.0,666.5708042198081
seismic,2025-02-17 01:56:54.791,45.8481,-69.0799,10.902,2.5,359.536,144.7681787851823
seismic,2025-02-19 06:48:56.342,47.5712,-70.1592,25.178,2.0,523.99,3.5872993493326804
seismic,2025-02-21 16:36:44.684,44.886,-69.8879,10.0,1.9,236.838,88.13954793488627
seismic,2025-02-21 22:06:02.550,36.4985,-89.557,7.89,1.56,0.0,658.4489931674265
seismic,2025-02-21 22:40:55.548,42.4213,-81.942,8.451,2.4,473.056,567.5911637543076
seismic,2025-02-22 09:53:22.786,45.4429,-74.3678,10.867,1.6,395.142,7.99687413756997
seismic,2025-02-24 19:50:10.200,36.297333333333,-89.4175,6.35,1.91,0.0,633.7746596987398
seismic,2025-02-25 13:00:39.870,34.563666666667,-85.4685,9.77,2.58,349.293,457.78671240334234
seismic,2025-02-25 17:52:04.470,36.597833333333,-89.581666666667,7.92,2.01,0.0,669.7848456065059
seismic,2025-02-25 19:43:38.370,34.558833333333,-85.470833333333,10.79,2.16,348.724,457.21986862696957
seismic,2025-02-25 23:01:53.420,32.531,-83.4015,4.3,2.35,225.197,217.21704571510435
seismic,2025-02-27 04:21:15.557,46.0652,-73.807,20.522,1.4,421.495,40.9008490573491
seismic,2025-02-28 08:38:58.390,35.716333333333,-84.018833333333,9.92,2.27,232.15,458.1535570487838
seismic,2025-02-28 20:42:25.520,36.388666666667,-83.2705,18.26,2.4,177.84,483.36266904515026
seismic,2025-03-03 10:09:09.690,35.544,-84.4425,21.05,1.75,249.781,469.8671181757402
seismic,2025-03-05 07:35:11.504,47.5575,-70.0536,17.897,1.6,523.457,7.583436322142471
seismic,2025-03-05 12:05:42.850,35.769,-84.053333333333,16.18,1.76,225.935,464.6564939088825
seismic,2025-03-07 00:03:01.757,47.2905,-70.2386,16.75,1.9,492.498,1.0359380415678812
seismic,2025-03-07 02:06:29.960,35.587666666667,-84.381333333333,15.55,1.75,244.777,469.43541256785403
seismic,2025-03-07 03:22:02.580,35.5865,-84.379833333333,15.59,1.69,244.907,469.24781570892117
seismic,2025-03-07 11:09:54.330,35.535333333333,-84.219833333333,16.29,1.97,250.867,455.12824738039967
seismic,2025-03-07 22:31:50.712,45.8935,-66.2041,5.0,2.2,497.841,50.02387447687556
seismic,2025-03-09 10:36:29.140,36.5265,-89.5825,5.9,1.99,0.0,662.0107754982661
seismic,2025-03-11 16:57:41.690,36.532166666667,-89.5905,6.93,1.39,0.0,662.7886519793843
seismic,2025-03-12 12:01:55.670,35.928666666667,-83.641333333333,8.46,2.12,214.88,456.4636153193298
seismic,2025-03-12 15:10:56.320,35.6485,-84.3255,19.33,1.6,237.957,470.84828563911617
seismic,2025-03-14 06:02:43.910,34.941,-80.386666666667,1.93,2.02,158.767,195.8353713207623
seismic,2025-03-15 05:59:53.880,35.959666666667,-89.910333333333,8.63,1.86,0.0,608.2556154546553
seismic,2025-03-15 13:20:52.984,41.0864,-88.5009,5.0,2.6,127.993,991.1380953920604
seismic,2025-03-15 18:49:34.761,31.9185,-89.7006,10.0,3.0,0.0,174.80276152950086
seismic,2025-03-15 23:54:46.000,38.014166666667,-83.951666666667,22.47,2.23,19.378,573.5128630654534
seismic,2025-03-16 00:25:54.890,36.4905,-89.553666666667,8.73,1.4,0.0,657.5095734981153
seismic,2025-03-19 09:09:20.740,34.158166666667,-80.725666666667,2.36,1.57,99.358,160.37649200264173
seismic,2025-03-19 15:57:21.497,46.4092,-75.0886,10.0,3.7,512.017,108.98525143544164
seismic,2025-03-20 07:26:59.510,32.149666666667,-81.673833333333,4.55,2.41,62.166,56.87476820684689
seismic,2025-03-20 09:33:45.100,32.167666666667,-81.622,8.28,2.21,57.137,55.29195918620658
seismic,2025-03-20 20:23:40.270,36.062333333333,-89.474333333333,10.21,2.77,0.0,609.1892480049759
seismic,2025-03-21 12:23:06.645,40.6898,-74.7403,8.077,1.8,388.278,43.116671809474134
seismic,2025-03-22 02:47:39.650,36.474,-89.490166666667,7.04,1.86,0.012,654.4810002121667
seismic,2025-03-22 07:54:48.901,40.7148,-74.7729,5.673,1.7,388.745,46.69502699863096
seismic,2025-03-22 20:01:57.080,36.193166666667,-89.436,6.27,1.53,0.0,622.7237020772152
seismic,2025-03-23 13:44:28.670,35.191333333333,-84.515833333333,11.07,2.11,289.49,448.1159953574153
seismic,2025-03-23 20:42:38.738,45.9257,-74.7486,15.364,1.7,454.482,49.613278066071516
seismic,2025-03-24 02:56:38.435,45.1936,-69.3621,4.375,1.7,284.14,83.21159468417447
seismic,2025-03-24 22:08:55.450,36.114833333333,-89.747,8.39,2.28,0.0,620.860157261256
seismic,2025-03-25 03:13:26.564,44.3914,-68.6271,10.167,1.8,244.617,4.71275708645251
seismic,2025-03-25 09:53:37.840,36.109,-89.443166666667,13.08,1.42,0.0,613.6628776526285
seismic,2025-03-25 19:13:57.872,45.729,-73.6995,7.783,2.0,385.996,2.866585284288534
seismic,2025-03-26 16:10:02.714,41.7076,-72.6938,7.186,1.6,184.035,45.657092251959476
seismic,2025-03-29 11:58:27.310,34.553,-85.246666666667,4.99,2.07,359.736,460.1937071792086
seismic,2025-03-29 21:58:24.179,45.9584,-74.8927,19.074,2.2,464.769,59.48533023233401
seismic,2025-03-31 02:18:07.700,38.4505,-87.695,14.23,2.39,0.0,862.5528029672929
seismic,2025-03-31 21:06:57.020,36.3635,-89.541833333333,9.94,1.44,0.0,643.40717079279
seismic,2025-04-01 05:52:50.540,36.1925,-89.496833333333,6.37,1.48,0.0,623.844061598107
seismic,2025-04-01 17:24:27.820,36.475666666667,-89.568333333333,9.48,1.32,0.0,656.1794911774397
seismic,2025-04-01 18:40:43.590,36.568,-89.608166666667,6.62,1.82,0.0,667.0527004561526
seismic,2025-04-02 14:44:22.560,36.465,-89.553833333333,9.2,1.38,0.0,654.7275362512979
seismic,2025-04-03 01:19:33.620,33.544666666667,-82.301833333333,5.59,1.98,134.701,174.98602017120893
seismic,2025-04-03 01:34:19.720,33.554,-82.286166666667,0.08,1.93,133.59,174.54098139410328
seismic,2025-04-03 08:24:05.870,36.558666666667,-89.600666666667,6.75,1.35,0.0,665.8840496340121
seismic,2025-04-04 08:44:13.180,36.183666666667,-89.425833333333,7.92,2.69,0.0,621.489761264534
seismic,2025-04-04 22:05:26.270,36.558166666667,-89.649833333333,7.11,1.85,0.0,666.826449268752
seismic,2025-04-05 04:06:17.798,43.6916,-74.0938,6.786,1.7,268.54,153.5138575476822
seismic,2025-04-06 19:40:43.650,35.5375,-84.274,20.55,1.49,250.457,458.6785889881999
seismic,2025-04-07 02:50:12.880,36.5525,-89.647666666667,7.38,1.93,0.0,666.1643917318081
seismic,2025-04-08 00:01:42.710,33.565166666667,-82.283333333333,10.0,1.79,133.687,175.14640378651575
seismic,2025-04-08 00:26:35.170,33.524,-82.303166666667,0.08,1.91,134.222,173.62472982828555
seismic,2025-04-08 03:03:15.650,33.516666666667,-82.3065,0.16,1.7,134.317,173.35286971097273
seismic,2025-04-08 06:25:24.990,36.555333333333,-89.6465,7.4,1.75,0.0,666.4491644952935
seismic,2025-04-08 06:25:41.610,36.553666666667,-89.647833333333,7.35,1.47,0.0,666.2949504906979
seismic,2025-04-08 06:26:57.150,36.555166666667,-89.644,5.93,1.27,0.0,666.379676702234
seismic,2025-04-09 03:06:35.280,36.541833333333,-89.6035,9.91,1.92,0.0,664.1037585011313
seismic,2025-04-10 06:47:37.550,35.619666666667,-84.427666666667,10.72,1.61,241.275,474.9077308140786
seismic,2025-04-10 15:46:43.420,36.418666666667,-89.534166666667,8.06,2.12,0.0,649.2793153888842
seismic,2025-04-11 01:40:24.480,36.555833333333,-89.652,7.14,1.32,0.0,666.6168202814616
seismic,2025-04-11 14:12:09.013,41.3903,-72.5826,5.516,1.5,202.31,12.068022853180707
seismic,2025-04-12 03:14:17.050,36.4225,-89.6275,12.77,1.57,0.0,651.5856849731754
seismic,2025-04-13 12:26:02.160,36.314333333333,-89.4985,8.32,2.21,0.0,637.1811822116065
seismic,2025-04-14 18:44:14.868,47.6816,-70.1133,13.421,1.8,536.499,1.4438936435029164
seismic,2025-04-14 20:44:05.817,43.4005,-71.2282,5.0,2.0,62.627,50.75303720246035
seismic,2025-04-16 03:07:42.679,44.541,-69.7989,6.188,1.6,203.744,53.645670588720265
seismic,2025-04-16 04:15:44.150,34.741166666667,-85.3475,15.92,2.17,349.728,479.16930791224104
seismic,2025-04-16 04:54:41.720,36.481166666667,-89.5545,9.15,1.48,0.0,656.5064341709598
seismic,2025-04-16 16:10:26.797,46.1578,-66.0537,9.998,1.9,526.201,77.08412142505654
seismic,2025-04-17 12:41:06.980,36.556666666667,-89.646833333333,7.76,1.34,0.0,666.6013142976533
seismic,2025-04-19 18:41:09.031,45.1197,-75.5466,5.0,2.2,444.062,66.94023470148792
seismic,2025-04-21 07:51:38.219,44.6481,-73.7105,3.987,1.7,296.712,70.28460000336227
seismic,2025-04-22 08:12:50.819,39.8978,-81.4839,5.0,3.1,261.199,389.11621658328187
seismic,2025-04-22 16:26:54.642,42.5128,-71.9289,5.823,2.1,82.671,73.9735677792734
seismic,2025-04-22 17:22:39.030,34.988666666667,-84.9895,11.05,2.44,316.299,468.3999365348089
seismic,2025-04-22 20:59:39.455,45.7276,-68.9984,5.0,1.5,349.956,130.63125362349953
seismic,2025-04-23 00:09:23.980,36.401833333333,-83.794,17.77,2.32,160.17,508.10221961541515
seismic,2025-04-24 05:16:27.010,34.160666666667,-80.728166666667,2.38,2.3,99.627,160.7213171940531
seismic,2025-04-24 19:14:54.107,39.8757,-81.5461,6.069,3.1,260.233,393.1769530679448
seismic,2025-04-26 10:33:00.880,34.159333333333,-80.723,2.36,2.57,99.499,160.2446894871417
seismic,2025-04-27 16:27:56.315,42.4925,-71.9544,7.934,1.8,85.45,75.53404338914814
seismic,2025-04-29 12:26:14.040,35.560833333333,-84.408666666667,8.63,1.55,247.819,469.0338438665468
seismic,2025-04-29 14:09:13.766,39.8926,-81.5278,2.047,2.8,261.626,392.3867874558671
seismic,2025-04-29 21:18:20.910,36.534,-89.597333333333,7.06,1.44,0.0,663.1253222184561
seismic,2025-04-30 06:31:44.800,36.532666666667,-89.6,7.65,2.31,0.0,663.0332720242577
seismic,2025-04-30 07:01:17.980,35.3985,-84.257833333333,20.68,1.99,266.049,446.6025288640365
seismic,2025-04-30 08:00:07.990,36.53,-89.5985,7.33,1.3,0.0,662.7121954225951
seismic,2025-04-30 08:08:53.306,45.5409,-66.0259,17.111,1.9,483.809,8.601768940837104
seismic,2025-04-30 08:35:36.540,36.534333333333,-89.601,6.96,1.49,0.0,663.2352023009855
seismic,2025-04-30 08:37:08.620,36.530833333333,-89.603666666667,7.23,1.53,0.0,662.9068887696819
seismic,2025-04-30 11:12:11.620,37.679833333333,-77.643,0.04,1.58,13.38,50.47800073035307
seismic,2025-05-01 02:51:29.890,36.541,-89.710666666667,6.03,1.87,0.0,666.2337723876316
seismic,2025-05-01 05:15:37.570,36.532166666667,-89.625833333333,11.35,2.78,0.0,663.5010954820057
seismic,2025-05-01 07:34:04.210,34.8045,-80.785333333333,4.48,2.2,171.515,210.72680681928387
seismic,2025-05-02 10:43:31.000,39.8888,-81.5593,7.53,2.3,261.956,394.7369786917606
seismic,2025-05-02 15:51:23.400,35.8755,-83.819833333333,11.73,1.96,217.261,460.98713983944276
seismic,2025-05-02 20:09:26.590,36.5775,-89.603333333333,5.67,2.71,0.0,667.992917126808
seismic,2025-05-02 21:33:58.940,36.528833333333,-89.599166666667,8.72,1.34,0.0,662.59826125466
seismic,2025-05-03 07:32:59.520,36.491333333333,-89.552166666667,8.24,2.39,0.0,657.5711591707008
seismic,2025-05-05 14:29:37.582,45.2168,-66.8544,13.053,2.2,410.477,7.473667138893284
seismic,2025-05-06 10:24:04.870,36.102166666667,-89.757,5.41,2.33,0.0,619.7289017828649
seismic,2025-05-06 17:08:17.790,37.463833333333,-78.469166666667,7.98,2.96,32.867,105.54304582908647
seismic,2025-05-07 08:25:21.060,36.390333333333,-89.508833333333,8.32,1.89,0.0,645.6880908298244
seismic,2025-05-09 03:13:43.666,39.8687,-81.5433,5.0,2.9,259.414,392.6825821351883
seismic,2025-05-09 03:30:10.270,36.210333333333,-89.402166666667,7.41,2.14,0.0,623.9606815328589
seismic,2025-05-09 06:12:53.440,36.446666666667,-89.532166666667,9.6,1.7,0.0,652.2992867379312
seismic,2025-05-09 08:06:45.210,36.535666666667,-89.589166666667,8.51,1.96,0.0,663.1441234236364
seismic,2025-05-10 13:04:20.360,35.545,-83.986833333333,25.36,4.1,251.538,441.7575414026511
seismic,2025-05-11 07:41:18.000,37.759666666667,-84.611833333333,29.68,2.75,11.731,634.3732376303185
seismic,2025-05-12 00:55:11.910,36.2645,-89.492,8.49,1.54,0.0,631.6094721036358
seismic,2025-05-12 02:47:53.310,41.7562,-81.005,4.016,2.5,460.89,460.5678134116109
seismic,2025-05-12 08:09:55.660,36.570833333333,-89.565833333333,5.7,2.12,0.0,666.5249849512139
seismic,2025-05-12 13:43:23.750,36.305833333333,-89.5325,10.15,2.4,0.0,636.9267534822159
seismic,2025-05-12 20:01:37.030,36.417166666667,-89.5095,7.83,1.83,0.0,648.6342276388644
seismic,2025-05-12 20:08:21.350,36.531166666667,-89.589333333333,6.65,1.83,0.0,662.6562303120261
seismic,2025-05-13 04:43:49.690,39.359333333333,-88.326666666667,9.81,3.26,0.0,947.6471796943141
seismic,2025-05-13 09:24:40.110,36.446666666667,-89.4835,7.85,1.48,0.0,651.3633723519863
seismic,2025-05-14 12:24:41.570,36.599833333333,-89.584833333333,10.12,1.17,0.0,670.0654878119135
seismic,2025-05-15 11:35:21.790,36.536833333333,-89.5945,6.84,2.47,0.0,663.3778692837908
seismic,2025-05-15 12:37:24.610,36.5335,-89.594833333333,7.34,1.4,0.0,663.0207276403399
seismic,2025-05-15 12:37:47.860,36.530333333333,-89.595166666667,7.28,1.45,0.0,662.6817957335222
seismic,2025-05-15 12:39:29.330,36.535666666667,-89.594,7.55,1.34,0.0,663.2405448595911
seismic,2025-05-16 12:30:29.620,35.547833333333,-84.562166666667,16.39,1.44,249.84,477.89585183724535
seismic,2025-05-17 10:09:16.870,36.643833333333,-89.865666666667,9.16,1.75,0.0,680.8149656838317
seismic,2025-05-18 15:56:03.930,35.530333333333,-84.5225,13.7,1.88,251.61,473.9639602318434
seismic,2025-05-19 17:29:14.421,41.3682,-72.3964,5.0,1.8,194.355,0.4357608286904305
seismic,2025-05-20 18:30:05.998,41.6718,-72.8187,0.0,2.0,194.564,41.73155335043677
seismic,2025-05-21 05:16:20.888,44.3239,-70.2565,5.816,1.7,168.204,47.4285432946235
seismic,2025-05-23 05:10:35.475,44.4634,-69.1175,5.0,2.1,224.582,11.408365514498552
seismic,2025-05-23 10:49:25.090,36.161833333333,-89.356333333333,3.92,1.64,0.0,617.7993270558039
seismic,2025-05-23 19:41:30.138,29.2912,-87.7509,5.0,3.1,6.916,104.92980766379331
seismic,2025-05-24 16:16:53.910,36.4165,-89.511833333333,8.42,1.61,0.0,648.6065469789381
seismic,2025-05-25 14:24:24.005,46.0477,-72.3206,10.286,1.9,369.379,32.77982340012328
seismic,2025-05-25 16:59:10.090,36.486833333333,-89.549,8.48,2.17,0.0,657.0174264087001
seismic,2025-05-25 17:46:47.251,43.0066,-70.8226,7.579,1.6,14.346,6.204251729268201
seismic,2025-05-26 08:58:50.897,45.1376,-66.8112,9.701,1.5,407.692,3.0624959320623715
seismic,2025-05-26 10:31:27.070,35.725,-84.332166666667,16.2,2.12,229.389,477.50358174061387
seismic,2025-05-29 00:33:41.670,36.574833333333,-89.6045,5.45,2.14,0.0,667.7251309567039
seismic,2025-05-29 14:30:05.220,40.6743,-74.7121,5.0,1.9,387.472,40.29719165834865
seismic,2025-05-30 05:25:33.651,47.5874,-70.0518,14.411,1.8,526.749,8.809317591955288
seismic,2025-05-30 07:12:23.460,35.145166666667,-82.905666666667,4.76,2.43,282.034,346.7594705800839
seismic,2025-05-30 15:59:36.830,36.5765,-89.594666666667,8.56,1.45,0.0,667.7113406545957
seismic,2025-05-31 02:25:18.320,36.4505,-89.531833333333,8.91,1.51,0.0,652.7116693497499
seismic,2025-05-31 06:19:25.930,35.141833333333,-82.943833333333,0.04,2.12,284.075,348.3675072785608
seismic,2025-05-31 19:36:56.970,36.492833333333,-84.1365,22.37,2.3,144.558,533.5257658350607
seismic,2025-06-02 05:50:53.980,36.504666666667,-89.549666666667,6.91,1.74,0.0,658.9789765365721
seismic,2025-06-04 09:31:10.910,36.016666666667,-89.491,5.52,1.74,0.0,604.550897729409
seismic,2025-06-05 17:03:32.440,35.152333333333,-82.4675,0.6,2.2,257.966,327.35715615926483
seismic,2025-06-06 14:24:30.150,36.5045,-89.561333333333,8.04,1.25,0.0,659.1896434786029
seismic,2025-06-07 01:42:32.710,36.481666666667,-89.540333333333,8.41,2.02,0.0,656.2833960982932
seismic,2025-06-08 12:58:40.944,44.9161,-73.4656,9.782,2.0,303.91,55.40022328974879
seismic,2025-06-10 20:04:19.702,41.5628,-76.6709,8.326,2.8,421.169,220.2568780047876
seismic,2025-06-11 03:20:48.700,35.337166666667,-84.148666666667,7.1,1.77,273.359,434.78745549939214
seismic,2025-06-12 04:34:15.430,45.2424,-69.0984,4.984,1.4,298.26,79.39976909374445
seismic,2025-06-13 13:19:17.536,47.4615,-70.4593,11.908,1.6,509.85,2.701839576144747
seismic,2025-06-13 22:39:19.860,36.575333333333,-89.604,5.75,2.18,0.0,667.7697232952776
seismic,2025-06-16 02:49:36.810,35.291,-84.858333333333,4.93,2.06,281.103,479.06140018165473
seismic,2025-06-17 02:26:27.912,40.6991,-74.7762,3.623,1.0,390.033,46.299055372620444
seismic,2025-06-19 08:26:30.300,36.5695,-89.593166666667,8.81,1.49,0.0,666.9172953311172
seismic,2025-06-19 16:54:22.014,41.7486,-81.0408,5.0,2.3,460.246,462.1682718131485
seismic,2025-06-20 03:31:58.823,44.6856,-68.1311,9.433,1.3,295.702,18.73864200238771
seismic,2025-06-20 03:47:26.048,43.6459,-71.4417,4.244,1.4,94.661,80.16228927995364
seismic,2025-06-21 12:37:52.562,46.1153,-75.3572,20.999,2.3,502.393,97.77734080596731
seismic,2025-06-22 00:10:01.290,35.052,-86.591166666667,2.8,2.4,270.65,497.4782208101267
seismic,2025-06-23 18:40:53.660,35.492666666667,-84.548333333333,11.19,1.81,255.935,472.7514649620772
seismic,2025-06-25 00:23:06.930,46.0582,-68.0666,4.38,1.2,417.207,114.33067490236606
seismic,2025-06-25 07:08:25.460,36.568833333333,-89.598833333333,9.26,1.69,0.0,666.9571933552601
seismic,2025-06-26 14:15:03.468,40.6811,-74.9143,1.926,1.4,400.47,56.7311296620442
seismic,2025-06-27 09:09:34.802,45.8877,-74.663,5.0,1.1,446.88,42.42124860445457
seismic,2025-06-27 17:11:04.886,43.5569,-71.6015,8.766,1.5,92.622,85.33261370182697
seismic,2025-06-28 02:30:36.311,40.6779,-74.7794,1.327,1.5,391.689,45.768602794272596
seismic,2025-06-28 15:05:46.760,35.995833333333,-83.832833333333,11.77,1.97,203.818,472.51210940236325
seismic,2025-06-29 03:10:53.787,45.0519,-67.1073,13.013,1.3,383.494,0.2372730119056538
seismic,2025-06-29 19:22:37.350,34.977,-84.918833333333,9.7,2.13,316.656,462.3952355683302
seismic,2025-06-30 00:27:43.137,44.8065,-72.9293,10.074,1.2,267.531,83.03262273810735
seismic,2025-07-01 00:29:50.760,36.650666666667,-89.592666666667,5.78,1.3,0.0,675.7726788080972
seismic,2025-07-01 09:09:38.130,35.170166666667,-85.3715,16.32,2.25,303.774,508.38339293424247
seismic,2025-07-03 00:24:30.860,36.047166666667,-89.825833333333,10.23,2.06,0.0,615.4759686414325
seismic,2025-07-03 02:33:14.256,44.5478,-68.5979,10.742,1.3,258.619,11.261228367143294
seismic,2025-07-05 15:22:07.780,33.820666666667,-82.104666666667,3.52,2.7,129.92,184.01370678274716
seismic,2025-07-05 18:05:31.900,36.555333333333,-89.6035,6.82,1.15,0.0,665.5769284155944
seismic,2025-07-07 16:22:42.020,36.284,-89.531,6.53,1.18,0.0,634.5142319022021
seismic,2025-07-09 11:48:41.840,36.178,-89.471166666667,12.05,2.2,0.0,621.7509429932292
seismic,2025-07-10 00:52:54.200,35.663166666667,-84.149833333333,26.55,2.57,236.943,461.37038446289796
seismic,2025-07-11 01:56:42.160,36.245166666667,-89.444,6.91,1.63,0.0,628.5645872514156
seismic,2025-07-11 02:16:21.220,36.245333333333,-89.445166666667,7.22,1.93,0.0,628.6051477795004
seismic,2025-07-11 02:33:49.730,36.500666666667,-89.553166666667,9.24,1.97,0.0,658.6104418799154
seismic,2025-07-11 02:51:53.390,36.595,-89.585,12.05,2.19,0.0,669.5407793333634
seismic,2025-07-11 12:49:05.080,36.324,-89.488666666667,6.86,2.21,0.0,638.0457984922218
seismic,2025-07-12 03:23:11.790,35.145833333333,-82.9205,0.19,2.24,282.987,347.5636564619657
seismic,2025-07-12 05:23:11.850,36.5525,-89.768833333333,14.31,2.03,0.0,668.7449978067231
seismic,2025-07-12 10:58:53.720,35.974166666667,-89.902166666667,8.85,1.83,0.0,609.5926234109553
seismic,2025-07-12 12:18:04.280,35.4425,-84.0655,14.99,2.2,262.189,438.0389405894515
seismic,2025-07-12 12:46:53.840,35.441833333333,-84.0635,15.28,1.86,262.28,437.8613435575483
seismic,2025-07-14 16:26:23.860,35.4125,-84.964333333333,19.06,2.16,269.138,495.03742273340714
seismic,2025-07-15 11:41:59.780,36.262833333333,-89.531,8.4,2.07,0.0,632.2050052308497
seismic,2025-07-16 10:23:07.740,36.464833333333,-89.503,8.52,1.36,0.0,653.7219865622345
seismic,2025-07-16 10:47:30.300,36.297,-89.491333333333,7.48,2.0,0.0,635.1470262462367
seismic,2025-07-16 13:57:33.180,33.0265,-80.164666666667,5.3,2.17,0.0,28.338186713186182
seismic,2025-07-19 12:41:38.155,45.0287,-66.8777,4.398,1.8,396.209,3.6676427410472634
seismic,2025-07-20 08:07:14.090,35.450166666667,-84.540166666667,20.51,2.43,260.648,468.97124530659073
seismic,2025-07-20 09:47:13.100,36.229833333333,-89.5135,7.37,1.62,0.0,628.2522746507796
seismic,2025-07-20 09:50:47.447,42.5171,-71.9284,4.743,1.5,82.458,74.04459409009607
seismic,2025-07-21 09:40:44.119,40.824,-74.5633,5.0,1.6,367.376,36.45875543682283
seismic,2025-07-21 18:26:23.169,40.8226,-74.5802,5.0,1.3,368.596,37.52988461995263
seismic,2025-07-22 00:19:41.941,40.8227,-74.5968,5.0,1.2,369.695,38.69386011635251
seismic,2025-07-22 01:00:26.158,40.8218,-74.5525,5.0,2.0,366.807,35.581965988262326
seismic,2025-07-22 03:25:00.410,40.8146,-74.5615,5.227,1.1,367.895,35.73242987560167
seismic,2025-07-22 06:11:49.830,36.7795,-89.92,10.35,2.03,0.0,696.7403905776001
seismic,2025-07-23 08:41:10.440,35.1415,-82.899333333333,1.9,1.28,281.346,346.10146949675783
seismic,2025-07-25 03:59:11.170,36.5105,-89.5825,11.21,1.75,0.0,660.2640947538429
seismic,2025-07-25 05:08:14.670,37.798166666667,-87.828833333333,21.42,2.42,4.281,789.1129005880905
seismic,2025-07-25 12:29:52.708,47.656,-70.0054,17.329,2.6,534.72,5.056910815693904
seismic,2025-07-27 04:16:14.290,36.012333333333,-83.637166666667,2.39,2.26,205.89,463.98307976545743
seismic,2025-07-27 09:34:28.308,43.0737,-78.5188,2.758,1.0,568.7,372.12108518178155
seismic,2025-07-28 05:53:56.730,36.324833333333,-89.556166666667,8.83,1.76,0.0,639.4766876367272
seismic,2025-07-28 09:03:25.460,36.511,-89.550833333333,7.65,1.9,0.0,659.6938221471352
seismic,2025-07-29 03:40:44.170,36.011666666667,-89.8745,8.16,1.97,0.0,612.8932411809413
seismic,2025-07-30 02:50:18.245,46.3748,-66.1159,15.323,2.4,539.506,97.6319044431683
seismic,2025-07-30 09:59:49.860,36.410333333333,-89.532333333333,8.59,1.34,0.0,648.3329593170442
seismic,2025-07-30 15:44:57.680,36.598333333333,-89.586333333333,11.13,1.32,0.0,669.9311130312387
seismic,2025-07-31 11:10:25.690,36.576,-89.604166666667,4.92,1.67,0.0,667.8458160448841
seismic,2025-08-01 09:11:32.700,35.9045,-89.9495,12.84,2.56,0.0,603.4108391197722
seismic,2025-08-01 10:02:31.180,36.575333333333,-89.604,5.52,1.57,0.0,667.7697232952776
seismic,2025-08-01 16:31:34.540,35.905333333333,-89.951166666667,13.36,3.06,0.0,603.545047069333
seismic,2025-08-03 02:18:52.284,40.8535,-74.0507,10.0,3.0,331.885,7.046576312052195
seismic,2025-08-03 06:03:35.210,35.229333333333,-84.7255,12.29,2.28,286.554,465.4009989017627
seismic,2025-08-03 12:24:32.080,34.899833333333,-84.803,14.18,1.94,323.954,448.8513136310866
seismic,2025-08-04 08:29:24.500,35.147833333333,-82.929666666667,1.92,2.01,283.71,348.2099925007196
seismic,2025-08-05 16:11:57.047,41.0145,-74.0383,12.436,2.8,319.624,10.946892375353723
seismic,2025-08-06 18:31:38.290,36.3335,-89.474833333333,7.18,1.99,0.0,638.8172400161966
seismic,2025-08-06 21:06:07.700,36.501833333333,-89.5565,8.63,1.85,0.0,658.8033024279383
seismic,2025-08-07 00:29:31.640,36.885166666667,-83.694833333333,19.79,2.48,111.562,550.1621127937032
seismic,2025-08-07 04:31:16.670,42.4912,-71.9274,5.056,1.4,83.471,73.3422717849687
seismic,2025-08-08 02:12:09.589,44.5679,-68.5873,4.219,1.4,260.822,11.987252067769255
seismic,2025-08-08 13:04:58.560,35.254666666667,-84.2945,12.45,2.21,282.07,437.86317904722347
seismic,2025-08-08 16:40:02.870,36.326833333333,-89.5165,8.68,2.39,0.0,638.9007579876401
seismic,2025-08-08 22:28:15.160,35.539,-84.211666666667,10.31,2.2,250.49,454.91909042365813
seismic,2025-08-09 03:06:00.630,38.178,-87.683833333333,18.77,2.58,0.0,832.0690456428958
seismic,2025-08-09 04:32:18.820,33.652833333333,-79.204166666667,4.82,1.89,0.0,20.687633989719092
seismic,2025-08-09 05:08:22.737,47.5981,-70.0629,24.36,2.1,527.813,7.424507865154563
seismic,2025-08-09 10:55:29.800,35.146166666667,-82.927666666667,0.24,2.06,283.45,347.95448720381523
seismic,2025-08-09 13:17:19.400,35.149333333333,-82.9475,0.04,1.75,284.918,349.24837809651166
seismic,2025-08-10 16:36:38.756,46.0789,-74.9617,7.626,2.2,478.19,73.14711305978328
seismic,2025-08-11 19:27:15.428,47.7695,-70.1003,11.484,1.5,546.251,8.984008413540213
seismic,2025-08-12 01:02:44.305,40.679,-74.784,6.203,1.2,391.921,46.173391786804196
seismic,2025-08-12 08:14:26.410,35.1365,-82.858,4.56,1.81,278.445,343.58646529601106
seismic,2025-08-12 08:49:08.690,35.7665,-84.119666666667,23.39,1.95,225.626,468.2889194809319
seismic,2025-08-12 23:11:12.330,34.9075,-85.485333333333,12.13,1.99,334.855,495.6042569721803
seismic,2025-08-14 15:14:17.700,35.318166666667,-82.204166666667,5.6,2.73,232.645,334.2579650709915
seismic,2025-08-15 11:38:59.240,35.542333333333,-84.212666666667,13.76,1.92,250.113,455.2514696383671
seismic,2025-08-17 14:24:54.370,35.870833333333,-89.989333333333,14.15,2.2,0.0,600.9201588177884
seismic,2025-08-19 03:30:31.370,34.3005,-82.1115,0.04,2.2,163.734,228.34358131156455
seismic,2025-08-19 07:08:42.340,34.224333333333,-82.059,0.16,1.7,154.318,218.57354065924733
seismic,2025-08-19 19:29:01.090,35.847166666667,-83.682833333333,15.49,2.5,222.896,451.1603201848184
seismic,2025-08-19 20:37:03.398,43.4932,-78.1816,5.0,2.2,586.352,323.17951195868926
seismic,2025-08-20 06:06:07.210,36.54,-89.719333333333,4.46,2.13,0.0,666.3107501241989
seismic,2025-08-20 09:18:17.420,36.508,-89.553,8.4,1.47,0.0,659.4083959231076
seismic,2025-08-20 22:17:31.940,35.536,-84.215833333333,15.87,2.39,250.808,454.93409507053104
seismic,2025-08-21 00:55:55.750,34.3585,-82.2075,3.16,1.99,174.512,238.4501871050291
seismic,2025-08-21 07:35:45.297,47.0292,-66.616,10.487,2.1,569.296,95.52594740251124
seismic,2025-08-22 13:33:42.050,36.1935,-89.63,4.47,2.27,0.0,626.7323284034192
seismic,2025-08-23 00:35:10.320,36.498833333333,-89.558666666667,8.22,1.52,0.0,658.5181836610107
seismic,2025-08-23 04:17:49.040,34.289666666667,-82.1105,6.82,2.88,162.808,227.25836174687228
seismic,2025-08-23 04:23:38.400,34.2875,-82.095166666667,2.12,3.04,161.651,226.33065973409757
seismic,2025-08-23 04:41:18.750,34.299,-82.113333333333,2.7,2.54,163.732,228.28592247142308
seismic,2025-08-23 04:41:32.237,34.2761,-82.0923,5.0,2.0,160.56,225.10211384063177
seismic,2025-08-23 04:49:13.240,34.306666666667,-82.108666666667,0.05,1.89,164.045,228.80268793557383
seismic,2025-08-23 05:21:18.990,34.312833333333,-82.1245,0.08,2.03,165.549,230.13688108336424
seismic,2025-08-23 06:53:52.910,34.292166666667,-82.113833333333,4.72,2.35,163.221,227.65493726291524
seismic,2025-08-23 07:39:59.820,34.294,-82.1155,2.83,1.84,163.473,227.90908358875296
seismic,2025-08-23 10:39:49.076,45.5046,-74.5069,10.0,1.8,407.665,11.801527697825184
seismic,2025-08-23 19:19:27.430,34.289166666667,-82.112,7.95,2.05,162.865,227.28124245314973
seismic,2025-08-24 16:56:06.470,35.144333333333,-82.908166666667,2.82,1.51,282.116,346.806584919633
seismic,2025-08-25 02:20:23.660,34.287166666667,-82.107333333333,0.04,1.81,162.405,226.86969631172175
seismic,2025-08-25 03:38:14.130,36.2495,-89.4345,6.97,1.86,0.0,628.8575765340523
seismic,2025-08-25 06:51:46.050,34.287833333333,-82.0945,0.04,2.0,161.635,226.3315135192034
seismic,2025-08-25 21:04:35.030,34.277833333333,-82.111,5.47,1.74,161.904,226.14991226099954
seismic,2025-08-26 07:49:07.766,44.0121,-68.8689,10.143,2.5,202.05,3.554141332495632
seismic,2025-08-26 22:47:42.370,34.29,-82.098,0.31,2.35,162.032,226.7032658218604
seismic,2025-08-27 05:21:26.800,35.398,-84.185666666667,13.41,2.25,266.369,441.96394919604234
seismic,2025-08-27 06:03:37.553,43.2725,-71.5959,5.0,1.5,68.422,71.77952747436753
seismic,2025-08-27 08:23:11.100,34.286333333333,-82.089333333333,0.04,2.0,161.185,225.94619796983105
seismic,2025-08-27 14:03:33.880,36.11,-89.760666666667,8.64,2.37,0.0,620.6615960551335
seismic,2025-08-27 14:09:47.470,35.5545,-84.478833333333,8.96,1.89,248.731,473.02198553663305
seismic,2025-08-27 14:40:21.323,46.5495,-73.6934,10.0,2.0,462.908,65.69659616145944
seismic,2025-08-27 18:13:53.460,34.6985,-85.356333333333,9.73,2.26,354.558,474.33001177462944
seismic,2025-08-28 17:52:39.820,44.2351,-68.5031,10.0,1.8,240.38,1.4796130923657629
seismic,2025-08-29 07:08:40.410,36.867166666667,-89.424333333333,7.31,1.7,0.0,696.4421983766744
seismic,2025-08-29 17:00:06.968,43.0735,-73.8591,0.0,2.0,234.37,197.22385045085701
seismic,2025-08-30 00:22:56.420,35.531666666667,-84.520666666667,7.11,2.12,251.453,473.9480956630182
seismic,2025-08-30 07:35:45.590,36.500166666667,-89.554833333333,8.94,1.67,0.0,658.5885070199649
seismic,2025-08-30 14:49:18.323,44.7027,-73.8805,8.607,1.5,310.863,60.42896620814224
seismic,2025-08-31 15:09:06.911,39.5881,-84.2709,9.747,2.3,142.576,606.9187625658622
seismic,2025-08-31 17:28:02.850,36.478666666667,-89.548333333333,8.85,1.31,0.0,656.1121347411345
seismic,2025-08-31 23:47:24.390,35.4655,-84.8345,20.58,1.75,261.461,489.88228383555327
seismic,2025-09-01 09:18:42.685,44.9564,-74.3432,11.718,1.2,356.995,16.007793757750708
seismic,2025-09-04 05:11:07.500,36.5685,-89.600666666667,8.09,1.11,0.0,666.9573488826715
seismic,2025-09-04 09:12:24.850,38.274833333333,-88.058333333333,24.0,2.12,0.0,842.3290336211643
seismic,2025-09-05 03:36:37.281,41.4387,-71.3991,5.0,1.9,148.368,2.5968679926773275
seismic,2025-09-06 17:59:51.910,35.669333333333,-84.173833333333,6.36,2.08,236.108,463.32267484977706
seismic,2025-09-06 23:28:06.450,42.9427,-71.5686,5.0,1.4,48.681,58.71119279379874
seismic,2025-09-08 08:10:38.658,47.6167,-70.0138,19.07,2.4,530.334,8.378032862722053
seismic,2025-09-08 08:18:26.180,36.549,-89.591,7.32,1.56,0.0,664.6361524722197
seismic,2025-09-08 13:08:16.600,36.579166666667,-89.591,8.86,1.92,0.0,667.9298589217996
seismic,2025-09-10 01:13:11.430,37.4785,-89.393166666667,7.39,1.59,0.0,763.3236848839924
seismic,2025-09-10 16:05:58.820,36.497666666667,-89.543666666667,8.19,1.46,0.0,658.0969132785882
seismic,2025-09-10 18:40:29.530,35.131833333333,-82.8685,0.03,2.11,278.683,343.6668472987515
seismic,2025-09-10 19:56:18.250,36.677666666667,-89.516166666667,12.84,1.79,0.0,677.268618393989
seismic,2025-09-10 20:07:11.990,35.7605,-83.998666666667,9.91,1.51,227.471,460.78980854315284
seismic,2025-09-10 21:29:26.130,36.4975,-89.543666666667,8.42,1.84,0.0,658.078699373595
seismic,2025-09-11 06:21:10.840,36.028,-82.254166666667,5.05,1.81,173.194,401.08973109226645
seismic,2025-09-11 09:38:41.570,36.721,-89.507,6.52,1.48,0.0,681.8479883190469
seismic,2025-09-11 20:16:33.231,46.9901,-66.5535,5.0,2.3,568.745,91.20441766062117
seismic,2025-09-12 00:20:02.661,46.9784,-66.5176,5.0,2.0,569.403,88.65823470882691
seismic,2025-09-12 02:05:55.070,36.659166666667,-89.541666666667,8.25,1.82,0.0,675.7208401464679
seismic,2025-09-13 15:24:15.320,35.790666666667,-84.3135,20.29,2.04,222.052,481.7969827509995
seismic,2025-09-14 00:28:04.700,34.356166666667,-82.186833333333,0.04,1.71,172.995,237.23418593223164
seismic,2025-09-15 00:08:30.613,45.0093,-69.3855,9.37,1.5,264.866,68.01693635494311
seismic,2025-09-16 00:17:00.040,36.0925,-89.406166666667,10.08,1.97,0.174,611.1412489073816
seismic,2025-09-16 09:36:49.340,36.447833333333,-89.5105,7.81,1.78,0.0,652.006547384174
seismic,2025-09-17 09:12:10.260,35.1495,-82.9225,0.09,2.23,283.413,348.0052517654485
seismic,2025-09-18 13:01:24.660,35.525333333333,-84.483,15.85,1.69,252.009,471.0160129021246
seismic,2025-09-19 07:13:42.657,47.032,-66.5811,10.06,2.0,571.149,92.84499223262956
seismic,2025-09-19 07:15:13.074,47.0547,-66.6993,10.022,2.2,567.772,101.71079796296219
seismic,2025-09-19 07:24:31.886,46.9897,-66.5575,11.868,2.0,568.524,91.5132288579346
seismic,2025-09-20 04:46:23.000,35.148,-82.961,0.06,1.67,285.632,349.8090398724267
seismic,2025-09-20 21:00:37.730,36.5525,-89.728,11.28,1.85,0.0,667.8556428751076
seismic,2025-09-22 01:18:33.863,43.6804,-70.6327,10.424,1.9,91.026,27.973837524578897
seismic,2025-09-22 05:01:55.010,35.382333333333,-84.177833333333,15.66,1.6,268.158,440.222333613004
seismic,2025-09-22 06:35:58.807,43.2067,-74.8958,7.662,1.8,319.389,200.38019096988796
seismic,2025-09-22 07:46:49.630,36.531333333333,-89.594333333333,8.57,1.52,0.0,662.7742615062857
seismic,2025-09-22 12:11:37.080,36.481,-89.564333333333,10.07,1.47,0.0,656.6824305562037
seismic,2025-09-22 19:04:33.492,46.1525,-75.2901,10.0,2.9,501.653,96.51916425264568
seismic,2025-09-23 22:26:03.690,35.757,-84.592333333333,8.31,2.21,226.661,496.22696758431186
seismic,2025-09-24 05:41:10.370,36.104833333333,-89.758666666667,6.95,2.15,0.0,620.0563526675018
seismic,2025-09-24 18:03:02.810,35.152,-82.950666666667,0.48,2.05,285.331,349.6557837395424
seismic,2025-09-25 02:52:52.777,43.458,-78.1544,4.836,1.0,583.829,323.46063727369955
seismic,2025-09-25 03:45:51.550,47.5373,-70.152,17.754,1.4,520.332,4.090168019736323
seismic,2025-09-25 04:26:58.130,36.251666666667,-89.469,7.47,2.05,0.0,629.757391560968
seismic,2025-09-25 04:44:57.950,36.095833333333,-89.766333333333,9.66,2.54,0.0,619.2676875033196
seismic,2025-09-25 22:56:44.202,45.856,-74.8457,5.0,1.8,454.026,48.87521086352192
seismic,2025-09-26 08:37:32.190,36.169,-82.805,8.22,2.32,201.546,443.04649106046554
seismic,2025-09-26 20:19:45.550,34.286666666667,-82.121,5.55,2.24,163.248,227.46830861991546
seismic,2025-09-28 01:14:02.840,36.498166666667,-89.558,8.68,1.76,0.0,658.4322457152095
seismic,2025-09-29 08:08:50.980,34.477,-80.639333333333,12.84,1.83,135.473,175.58322833134812
seismic,2025-09-30 12:37:28.393,45.9511,-72.8389,10.564,2.0,373.899,20.72579641772494
seismic,2025-10-02 02:20:21.420,34.274,-82.099333333333,0.03,1.81,160.847,225.2316295844712
seismic,2025-10-04 00:21:41.190,36.1775,-89.6465,10.26,2.1,0.0,625.3559281125167
seismic,2025-10-04 02:54:24.260,35.676666666667,-84.367166666667,18.36,1.75,234.804,475.7098542200986
seismic,2025-10-04 03:54:12.000,35.7725,-84.173666666667,13.48,2.35,224.583,471.9613819213248
seismic,2025-10-04 16:35:01.670,36.481,-89.544166666667,8.99,1.56,0.0,656.2854376700059
seismic,2025-10-05 01:44:20.567,43.8536,-76.018,5.0,1.5,421.456,164.42024507088257
seismic,2025-10-05 01:46:21.548,43.8544,-76.0231,5.772,1.6,421.874,164.60627108941608
seismic,2025-10-06 01:56:21.274,45.6132,-68.9637,8.454,1.5,339.712,117.69176841518795
seismic,2025-10-06 02:10:44.089,45.6068,-68.9918,5.541,1.4,338.098,117.2551651530594
seismic,2025-10-06 04:58:20.760,35.530666666667,-85.0395,14.34,2.09,257.435,508.66835456580094
seismic,2025-10-07 05:05:41.940,35.494166666667,-85.041666666667,18.57,2.23,261.474,506.2127090498435
seismic,2025-10-07 15:17:26.366,47.4435,-70.1001,15.692,1.5,510.516,4.606578894920983
seismic,2025-10-08 11:47:30.640,36.511333333333,-89.557333333333,7.47,2.05,0.0,659.8574953493304
seismic,2025-10-09 11:52:57.859,45.9749,-73.3461,18.019,1.9,394.204,9.42704070442446
seismic,2025-10-10 12:47:51.000,35.921,-87.658,0.0,1.6,141.859,579.6084409935323
seismic,2025-10-10 13:02:21.819,47.5657,-70.2747,13.516,2.2,522.476,5.138989139213484
seismic,2025-10-10 17:43:01.160,36.178166666667,-89.6595,6.29,2.07,0.0,625.7153888670698
seismic,2025-10-11 05:23:45.970,38.368166666667,-83.231833333333,19.84,2.35,93.367,508.0548214897115
seismic,2025-10-11 08:28:45.290,36.093,-89.782833333333,9.73,2.92,0.0,619.3581807422026
seismic,2025-10-11 09:52:46.800,35.743166666667,-82.622333333333,11.72,2.09,219.043,392.8883957199668
seismic,2025-10-13 00:20:08.510,36.565666666667,-89.6065,6.55,1.41,0.0,666.764683461245
seismic,2025-10-13 02:43:00.810,36.285166666667,-89.518,9.11,2.37,0.0,634.3812442928778
seismic,2025-10-13 03:54:17.228,44.5161,-70.7168,5.95,1.6,182.383,89.1351401417776
seismic,2025-10-13 06:17:53.523,47.5696,-70.263,13.796,2.4,522.99,4.264480298005431
seismic,2025-10-14 03:39:25.646,44.9252,-73.4557,9.995,2.7,304.141,54.98501559727336
seismic,2025-10-14 04:53:53.539,43.8896,-75.2796,3.217,1.6,365.664,131.5612252200108
seismic,2025-10-14 11:10:54.911,47.5791,-70.2801,13.376,1.7,523.91,5.593644386162308
seismic,2025-10-14 21:06:13.199,47.5282,-69.8729,20.577,1.6,522.219,2.854331486640382
seismic,2025-10-15 00:59:19.451,45.9505,-74.7319,10.0,1.7,455.638,51.1698805413386
seismic,2025-10-16 21:30:56.750,35.534166666667,-84.474333333333,9.5,2.03,250.987,471.1442387664478
seismic,2025-10-17 01:48:22.580,36.574166666667,-89.883833333333,10.65,1.45,0.0,673.6980003595189
seismic,2025-10-17 14:41:34.420,35.537666666667,-84.427166666667,18.71,1.3,250.45,468.38762865287504
seismic,2025-10-19 00:54:36.780,35.153666666667,-82.932,0.13,1.74,284.335,348.86969165601585
seismic,2025-10-19 02:29:49.720,36.7235,-89.501833333333,14.47,1.55,0.0,682.0276283623443
seismic,2025-10-19 07:13:12.955,43.7933,-69.3141,10.76,2.0,159.09,15.682912974749664
seismic,2025-10-20 00:46:55.307,46.4624,-81.1642,9.831,3.0,864.081,527.9864140361925
seismic,2025-10-20 07:58:17.460,36.553166666667,-89.830333333333,6.2,2.32,0.0,670.1942048370764
seismic,2025-10-20 18:46:36.244,40.7052,-74.7894,6.236,1.6,390.496,47.57593986491553
seismic,2025-10-21 16:38:23.983,47.0106,-66.5698,10.0,2.3,569.787,92.18842298206502
seismic,2025-10-22 04:51:36.140,36.291666666667,-89.522833333333,6.35,1.64,0.0,635.1871989324895
seismic,2025-10-22 05:36:45.640,36.2925,-89.521333333333,6.3,1.86,0.0,635.2482098359046
seismic,2025-10-22 11:35:50.560,47.0319,-70.9095,31.955,2.7,461.214,0.8518096900276255
seismic,2025-10-22 23:19:24.672,43.3885,-77.1583,7.787,2.2,503.18,264.9588458231957
seismic,2025-10-23 02:39:39.250,36.291666666667,-89.522833333333,6.48,1.81,0.0,635.1871989324895
seismic,2025-10-23 18:26:21.370,36.084333333333,-89.7805,5.75,2.11,0.0,618.3674507548145
seismic,2025-10-23 22:01:37.960,35.724833333333,-84.509833333333,15.08,2.18,229.806,488.47402744329094
seismic,2025-10-24 05:20:32.600,35.711666666667,-82.0285,9.84,2.16,187.217,361.79914626939615
seismic,2025-10-24 10:35:20.140,35.7095,-82.030833333333,3.31,2.09,187.536,361.7803284424973
seismic,2025-10-25 10:54:41.320,35.716833333333,-84.012666666667,5.53,1.79,232.162,457.8399418491082
seismic,2025-10-27 21:17:00.777,39.1805,-76.8331,8.472,2.5,176.672,20.030263062630375
seismic,2025-10-28 04:05:00.505,42.5391,-71.5008,6.659,1.3,49.935,42.0597622036644
seismic,2025-10-28 22:09:03.060,36.315666666667,-89.519666666667,9.31,1.42,0.0,637.7441257087047
seismic,2025-10-29 20:37:54.350,36.2575,-89.478,7.49,1.06,0.0,630.5702309580103
seismic,2025-10-30 15:58:02.140,36.525333333333,-89.593,9.31,2.12,0.0,662.0927664774243
seismic,2025-10-31 08:21:59.320,36.5885,-89.589,7.33,1.18,0.0,668.9096023543337
seismic,2025-10-31 09:38:10.486,47.4169,-70.4319,16.614,1.9,505.083,1.2964867304715104
seismic,2025-10-31 09:48:32.420,33.426666666667,-86.091333333333,9.61,2.32,212.543,325.44493152662136
seismic,2025-11-02 01:06:53.039,41.9864,-75.7657,5.0,1.8,401.132,167.14429320371477
seismic,2025-11-02 15:07:31.670,37.335833333333,-89.5865,13.76,1.88,6.803,750.7326357060373
seismic,2025-11-03 07:05:59.740,36.383666666667,-89.5265,9.2,1.58,0.0,645.3052983145571
seismic,2025-11-08 03:07:51.685,43.41,-71.5437,5.0,1.9,76.724,73.00619294475452
seismic,2025-11-08 18:25:12.380,36.432833333333,-81.287166666667,4.89,2.23,83.311,367.9030421107923
seismic,2025-11-08 18:47:50.040,34.705,-85.3555,4.78,1.68,353.833,475.05924199280696
seismic,2025-11-09 06:49:08.310,36.210333333333,-89.437333333333,6.96,2.73,0.0,624.6268016708426
seismic,2025-11-09 07:52:40.647,45.1648,-69.1407,9.501,2.0,289.086,72.40656316241342
seismic,2025-11-10 04:17:52.760,32.903166666667,-80.215,7.86,1.75,0.0,25.41743379091997
seismic,2025-11-10 08:12:20.144,42.0954,-79.9384,8.316,2.3,479.479,421.9421901119203
seismic,2025-11-11 13:55:00.474,43.3476,-71.7226,6.635,1.9,81.639,83.87104845161461
seismic,2025-11-11 19:20:02.520,35.953666666667,-89.914166666667,11.51,1.66,0.0,607.7150993093336
seismic,2025-11-11 20:25:03.298,47.5443,-70.0534,16.836,1.9,522.013,6.386958703909093
seismic,2025-11-13 21:10:09.070,34.819,-85.3555,20.19,1.46,341.43,486.2779403529138
seismic,2025-11-14 20:49:39.310,36.291,-89.522333333333,6.19,1.84,0.0,635.1044464639859
seismic,2025-11-14 21:28:59.450,36.291666666667,-89.522833333333,6.52,1.68,0.0,635.1871989324895
seismic,2025-11-15 05:32:48.207,46.9814,-70.8946,21.912,1.9,455.624,3.2905907012006783
seismic,2025-11-15 07:30:03.990,36.207666666667,-89.453166666667,9.16,1.54,0.0,624.6404677943921
seismic,2025-11-15 07:37:52.632,41.3498,-80.4587,5.0,1.7,414.701,396.48077726353665
seismic,2025-11-15 13:26:08.630,35.293833333333,-84.590166666667,13.18,1.8,278.371,460.6684605292408
seismic,2025-11-15 13:26:09.320,35.298333333333,-84.612666666667,13.67,1.91,278.001,462.534683597379
seismic,2025-11-16 05:44:51.820,38.349,-83.699,9.81,2.39,60.928,548.5482690850383
seismic,2025-11-17 07:38:09.860,36.267666666667,-89.540333333333,7.31,1.58,0.0,632.9210763449566
seismic,2025-11-17 08:19:24.333,42.9749,-70.2856,10.0,2.1,42.307,33.15041768298256
seismic,2025-11-17 11:26:39.370,36.286333333333,-89.498666666667,7.85,2.29,0.0,634.1255863386494
seismic,2025-11-19 07:12:03.812,47.6013,-70.0114,12.836,2.1,528.673,9.182637681481992
seismic,2025-11-19 15:31:30.897,45.2043,-69.1641,7.931,2.0,292.101,77.16871523683743
seismic,2025-11-20 04:51:50.102,47.6948,-70.0994,5.0,1.6,538.071,2.3122249214551136
seismic,2025-11-21 08:08:17.660,36.7555,-89.479333333333,12.32,1.43,0.0,685.1310907667665
seismic,2025-11-21 08:20:31.220,36.526833333333,-89.572333333333,7.75,2.0,0.0,661.845788010472
seismic,2025-11-21 10:49:21.380,32.930333333333,-80.136,5.18,1.93,0.0,19.926637207322965
seismic,2025-11-22 04:22:39.332,40.6998,-74.7265,7.197,1.8,386.679,42.45994983514955
seismic,2025-11-22 04:59:10.089,47.5705,-70.0559,17.597,2.0,524.858,8.897689541193024
seismic,2025-11-22 06:57:33.185,41.8512,-77.3303,9.326,1.8,438.755,277.2136909834071
seismic,2025-11-23 11:37:45.900,34.679,-85.319833333333,5.48,2.39,355.944,472.76610451262263
seismic,2025-11-23 19:49:41.850,36.287833333333,-89.470666666667,5.76,1.65,0.0,633.7433615514744
seismic,2025-11-24 04:28:51.710,35.148333333333,-85.734333333333,9.74,2.41,316.386,519.8305751746651
seismic,2025-11-24 09:21:50.660,36.577666666667,-89.6025,5.62,1.79,0.0,667.9944942643218
seismic,2025-11-25 05:10:57.990,36.272,-89.518,7.79,1.24,0.0,632.9440861012815
seismic,2025-11-25 10:34:32.890,36.7325,-89.360333333333,5.73,1.3,0.0,680.5571470685644
seismic,2025-11-25 15:13:51.026,42.9272,-71.1004,6.932,1.7,12.925,22.288851617431412
seismic,2025-11-25 22:13:20.090,36.206833333333,-89.490833333333,5.79,1.18,0.0,625.2889649158392
seismic,2025-11-25 22:13:26.520,36.209,-89.494166666667,5.58,1.67,0.0,625.5918258318754
seismic,2025-11-26 13:07:23.500,39.051833333333,-82.661833333333,20.25,2.29,179.714,461.87847447231326
seismic,2025-11-27 05:36:47.685,43.9429,-70.6224,6.192,1.4,119.896,40.87069923707053
seismic,2025-11-27 05:38:55.171,43.9036,-70.5872,6.247,1.3,116.131,35.970313408644664
seismic,2025-11-27 06:09:52.920,36.289333333333,-89.475166666667,5.43,1.75,0.0,633.9944227204917
seismic,2025-11-27 06:16:09.090,36.289333333333,-89.475333333333,6.0,1.89,0.0,633.9976521452484
seismic,2025-11-27 10:11:12.020,36.464166666667,-89.555833333333,8.38,2.27,0.0,654.6760291115846
seismic,2025-11-27 19:34:30.620,36.304833333333,-89.480333333333,6.42,1.73,0.0,635.788974438511
seismic,2025-11-28 07:51:07.530,36.111166666667,-89.749166666667,9.24,1.87,0.0,620.5152268932568
seismic,2025-11-28 14:45:52.720,34.159333333333,-80.714333333333,3.71,1.97,99.541,159.58379534148227
seismic,2025-11-28 21:56:57.280,36.402666666667,-89.521833333333,8.93,1.61,0.0,647.2894314064948
seismic,2025-11-30 12:11:49.600,36.504666666667,-80.915166666667,6.23,2.09,62.325,333.96000462243643
seismic,2025-11-30 16:53:30.740,35.688333333333,-84.1245,12.28,1.74,234.309,461.96808982183256
seismic,2025-11-30 23:48:48.610,36.290166666667,-89.525333333333,6.37,1.25,0.0,635.0734737698871
seismic,2025-11-30 23:48:59.500,36.061833333333,-89.818666666667,8.62,2.24,0.0,616.8760617020839
seismic,2025-12-02 00:16:59.396,44.9105,-74.8893,5.0,1.6,388.148,17.04784359414978
seismic,2025-12-02 00:39:48.773,41.1851,-73.7866,5.0,1.5,291.335,7.993874284976469
seismic,2025-12-02 05:01:28.730,36.537166666667,-89.617,8.75,1.68,0.0,663.8668660676605
seismic,2025-12-02 12:48:29.755,47.0293,-66.6064,5.964,2.4,569.746,94.79397991157313
seismic,2025-12-03 06:06:59.270,36.090333333333,-89.777,9.59,1.65,0.0,618.9301194727209
seismic,2025-12-03 12:50:02.290,36.0605,-89.8175,8.95,2.59,0.0,616.7037466569002
seismic,2025-12-04 21:19:32.410,36.057666666667,-89.813166666667,7.66,1.76,0.0,616.2918340478842
seismic,2025-12-05 01:54:14.830,36.2385,-89.506166666667,8.4,2.15,0.0,629.0512629083496
seismic,2025-12-05 21:11:34.550,35.73,-82.581166666667,3.3,2.06,217.48,390.0101741949721
seismic,2025-12-06 02:45:53.430,36.128666666667,-89.301666666667,4.29,1.94,0.232,613.1785540143399
seismic,2025-12-07 03:41:53.340,34.652833333333,-85.238166666667,9.46,1.42,357.264,467.8315129630922
seismic,2025-12-08 03:42:48.250,35.990333333333,-83.816,8.89,2.16,204.722,471.12979493484016
seismic,2025-12-08 10:44:29.030,36.182,-89.415,7.95,1.48,0.0,621.101045560594
seismic,2025-12-10 08:50:24.716,43.3007,-79.7582,6.259,1.5,606.228,444.570880095759
seismic,2025-12-11 06:23:04.390,36.370666666667,-89.507333333333,8.33,2.27,0.0,643.509467847671
seismic,2025-12-12 14:24:52.000,36.095666666667,-89.7745,9.24,2.07,0.0,619.4452711564874
seismic,2025-12-13 03:16:44.659,45.2465,-67.8594,7.051,1.7,355.251,51.63784428840896
seismic,2025-12-14 22:11:24.875,43.8676,-70.3566,9.274,1.8,117.425,18.613328395787658
seismic,2025-12-15 13:03:44.920,36.289,-89.528166666667,9.62,1.75,0.0,635.0029178102737
seismic,2025-12-18 03:19:09.266,47.6449,-69.8331,19.406,3.0,535.422,3.350969132726306
seismic,2025-12-18 16:21:22.870,36.535666666667,-89.645666666667,6.84,1.07,0.0,664.2889979418928
seismic,2025-12-19 13:48:14.863,45.2662,-68.3746,5.0,1.8,331.165,82.21587471464359
seismic,2025-12-20 06:53:25.600,33.113833333333,-87.623,4.18,2.12,131.482,267.45421710193256
seismic,2025-12-21 04:11:06.070,36.6315,-89.8285,16.47,1.77,0.0,678.6384438626454
seismic,2025-12-21 22:05:47.990,36.274833333333,-89.480666666667,7.1,1.63,0.0,632.5164538806894
seismic,2025-12-23 08:24:43.434,42.537,-78.4805,5.0,1.4,508.657,388.84026826301715
seismic,2025-12-24 17:52:52.260,35.741833333333,-84.1875,20.81,1.58,227.931,470.1972244438258
seismic,2025-12-26 08:17:20.450,36.535833333333,-89.645666666667,11.07,1.28,0.0,664.307157631504
seismic,2025-12-26 17:57:09.560,36.549833333333,-89.614333333333,6.45,1.06,0.0,665.1945782820368
seismic,2025-12-26 18:20:24.200,45.2956,-73.3554,5.0,1.4,331.209,19.367456611564688
seismic,2025-12-27 00:41:14.895,46.8876,-65.963,13.307,1.9,588.933,50.61215586081198
seismic,2025-12-27 01:00:49.335,44.7238,-73.6326,5.0,1.9,297.822,64.99092279157726
seismic,2025-12-27 15:52:38.982,43.5077,-74.2031,8.252,2.0,270.715,171.12693602598966
seismic,2025-12-27 16:05:56.260,35.9585,-83.916666666667,9.16,1.83,206.587,473.6223325525986
seismic,2025-12-28 04:44:49.610,36.225,-89.457166666667,8.74,1.3,0.0,626.6128227434255
seismic,2025-12-28 17:19:08.030,36.159,-89.6705,9.95,2.42,0.0,623.8819861751535
seismic,2025-12-28 17:47:09.990,37.663333333333,-84.4575,6.85,3.09,13.034,622.8664372868105
seismic,2025-12-28 17:52:08.270,33.348166666667,-82.714333333333,1.45,2.15,168.494,194.93953757934025
seismic,2025-12-30 21:27:04.700,36.174833333333,-89.381333333333,6.11,2.52,0.0,619.6843908351601
seismic,2025-12-31 03:52:41.140,36.38,-89.546333333333,9.77,1.35,0.0,645.297993227258
seismic,2025-12-31 11:54:40.696,47.6392,-70.1756,18.531,1.7,531.316,2.1116811486622176
seismic,2025-12-31 16:59:24.823,47.6252,-69.9856,10.0,1.7,531.554,8.756680483265518
seismic,2026-01-02 06:45:03.282,42.8589,-71.6613,8.525,2.1,54.586,64.92260656792705
seismic,2026-01-03 06:06:12.150,36.069166666667,-81.998666666667,1.94,1.73,154.123,387.9554967874954
seismic,2026-01-04 05:49:50.260,33.543833333333,-82.300833333333,0.04,1.95,134.588,174.85566520258968
seismic,2026-01-04 17:24:56.116,47.5207,-70.2815,13.097,1.8,517.479,4.092318585983622
seismic,2026-01-04 20:07:15.860,36.5245,-83.791833333333,23.1,2.6,146.912,519.6169013345383
seismic,2026-01-05 07:50:31.570,35.762,-83.9965,18.26,1.82,227.33,460.7955991085597
seismic,2026-01-06 04:50:37.422,41.8102,-80.9995,5.0,2.7,466.89,464.3613646963436
seismic,2026-01-06 13:57:43.080,36.682,-89.778333333333,4.57,1.64,0.0,683.0126995720518
seismic,2026-01-06 19:42:50.690,36.558166666667,-89.6125,7.13,1.59,0.0,666.0667543422085
seismic,2026-01-06 22:41:00.680,35.533,-83.991833333333,24.95,1.96,252.817,441.0501637540594
seismic,2026-01-07 04:50:38.980,35.338833333333,-84.7125,17.99,1.92,274.243,472.3225515149011
seismic,2026-01-07 11:08:43.869,44.5506,-67.9374,5.0,1.5,297.432,5.053821784691363
seismic,2026-01-07 22:36:35.176,41.4781,-72.4618,5.0,1.9,188.32,13.796364673520454
seismic,2026-01-08 02:11:07.423,41.6716,-70.869,9.51,1.8,115.59,4.609460703481079
seismic,2026-01-09 10:24:29.820,35.344666666667,-84.4505,11.59,1.88,272.104,455.0337543718879
seismic,2026-01-09 18:40:04.800,35.340833333333,-84.449,12.21,1.86,272.529,454.6445113940303
seismic,2026-01-09 19:23:57.750,36.271833333333,-89.501,7.09,1.66,0.0,632.5879490418791
seismic,2026-01-09 21:48:29.510,36.2845,-89.508333333333,5.69,1.98,0.0,634.1163048402739
seismic,2026-01-10 03:51:28.240,35.231833333333,-84.415666666667,17.85,1.97,284.648,444.25030016921676
seismic,2026-01-10 08:01:20.040,36.751166666667,-83.629666666667,27.61,2.12,127.632,534.2359947224404
seismic,2026-01-10 10:12:05.708,44.5642,-68.4266,5.0,1.8,269.448,8.070844534192595
seismic,2026-01-10 11:20:51.150,35.569666666667,-84.070666666667,13.81,2.23,247.974,448.83265688984926
seismic,2026-01-10 23:54:34.540,36.725166666667,-89.5055,9.12,1.65,0.0,682.2772761574065
seismic,2026-01-11 09:00:40.600,35.722166666667,-84.508166666667,14.8,2.16,230.098,488.15603515240525
seismic,2026-01-12 05:44:02.100,36.475833333333,-89.549833333333,9.51,1.73,0.0,655.832062221295
seismic,2026-01-14 21:20:32.240,36.6845,-89.525333333333,11.17,1.54,0.0,678.1875811139975
seismic,2026-01-15 22:16:19.500,36.020833333333,-83.8365,14.75,1.89,201.009,474.9701616004722
seismic,2026-01-17 02:17:41.330,34.2435,-87.223833333333,16.18,2.39,259.277,398.0842857611884
seismic,2026-01-17 02:59:38.500,34.233,-87.232,14.78,2.3,258.026,396.7885644816325
seismic,2026-01-18 18:00:29.266,47.2444,-70.4904,8.122,1.6,485.748,7.671782955592745
seismic,2026-01-19 00:35:49.850,36.8475,-89.447,4.86,1.83,0.0,694.6665900267989
seismic,2026-01-20 07:19:42.770,35.146166666667,-82.9065,2.43,1.94,282.167,346.8943385239034
seismic,2026-01-20 07:27:40.180,39.375333333333,-89.246333333333,8.76,3.8,0.0,971.8968571500437
seismic,2026-01-20 09:48:51.718,45.8647,-74.7816,15.603,2.3,451.282,45.98765530245482
seismic,2026-01-20 09:55:22.396,45.8552,-74.7503,18.517,2.7,448.844,43.56860600472256
seismic,2026-01-20 10:12:33.654,45.8831,-74.7522,20.679,1.6,451.206,46.02262233897215
seismic,2026-01-20 11:33:16.400,34.157,-80.741833333333,4.13,2.72,99.171,161.54270998109382
seismic,2026-01-20 16:23:34.280,35.633666666667,-84.2675,10.94,2.0,239.711,466.0682679198576
seismic,2026-01-20 18:29:32.899,45.9058,-74.7825,28.439,1.7,454.654,49.46431531490386
seismic,2026-01-22 00:48:38.710,36.239333333333,-89.428333333333,6.64,1.38,0.0,627.628036800233
seismic,2026-01-22 17:10:25.041,41.3861,-72.0937,5.0,1.8,178.146,3.907533566280826
seismic,2026-01-22 17:32:14.550,36.601333333333,-89.582,10.32,1.8,0.0,670.1737592363626
seismic,2026-01-22 21:47:53.620,35.1495,-82.922666666667,2.21,1.72,283.423,348.01360722078266
seismic,2026-01-23 08:06:17.240,36.484666666667,-89.547833333333,8.38,1.22,0.0,656.7578440084457
seismic,2026-01-24 02:34:55.540,36.204833333333,-89.444666666667,8.9,1.53,0.0,624.1663364788325
seismic,2026-01-27 07:52:36.535,43.6825,-75.2722,5.0,1.8,358.802,153.32475042199727
seismic,2026-01-27 09:39:45.540,43.7011,-75.2685,3.239,2.1,359.024,151.25180418310313
seismic,2026-01-27 20:32:42.320,34.1795,-80.7115,4.77,2.06,101.806,160.62785759002068
seismic,2026-01-28 02:06:57.728,43.7062,-75.2435,5.0,1.8,357.223,150.13676795701042
seismic,2026-01-28 03:59:16.585,44.5528,-79.1239,8.471,4.1,680.455,351.98290770946716
seismic,2026-01-29 05:30:10.390,44.3527,-74.4449,7.05,1.5,325.117,75.0332709090876
seismic,2026-01-30 16:27:09.460,36.125333333333,-89.410166666667,8.59,1.97,0.0,614.8091582904611
seismic,2026-01-30 20:42:58.598,40.6665,-74.7108,7.541,2.4,387.924,39.90689762523596
seismic,2026-01-31 04:55:49.495,44.5737,-79.116,9.693,1.5,680.412,350.990172575444
seismic,2026-01-31 06:09:43.005,44.539,-79.0631,6.922,1.9,675.407,347.48751913907364
seismic,2026-01-31 16:27:31.350,36.576,-89.602,5.6,1.7,0.0,667.802599501922
seismic,2026-02-03 11:50:04.620,35.142166666667,-82.886166666667,3.82,1.7,280.608,345.50898294378123
seismic,2026-02-03 16:24:58.220,32.967833333333,-80.182333333333,8.22,2.19,0.0,25.702882048396287
seismic,2026-02-03 20:02:41.360,36.122,-89.406666666667,8.39,1.58,0.0,614.3776439499046
seismic,2026-02-05 00:20:38.350,36.160166666667,-89.665333333333,9.92,1.98,0.0,623.892978987175
seismic,2026-02-06 10:57:06.640,36.540833333333,-89.547166666667,6.04,2.2,0.0,662.8830178288937
seismic,2026-02-08 03:37:46.330,32.942833333333,-80.149166666667,5.92,2.91,0.0,21.651582155631548
seismic,2026-02-09 09:10:43.610,32.942833333333,-80.1505,5.1,1.55,0.0,21.761041603773247
seismic,2026-02-10 01:24:31.006,45.2692,-73.9781,9.032,1.7,360.098,0.7951621720877325
seismic,2026-02-10 07:20:37.400,36.104333333333,-83.762166666667,5.48,1.88,193.243,478.78282837383443
seismic,2026-02-10 15:06:12.270,35.150833333333,-82.93,0.06,1.64,283.978,348.5057072846261
seismic,2026-02-11 21:25:19.360,32.9405,-80.152833333333,4.74,1.55,0.0,21.833517984939704
seismic,2026-02-12 02:00:26.550,32.932833333333,-80.148,3.35,2.45,0.0,21.05220929219333
seismic,2026-02-12 04:00:14.350,36.231333333333,-89.4215,6.44,1.71,0.0,626.6231907145561
seismic,2026-02-12 08:52:24.630,32.935166666667,-80.1495,5.71,1.77,0.0,21.29082032722181
seismic,2026-02-12 15:01:48.190,35.9125,-83.864166666667,11.5,2.15,212.457,466.68254963094626
seismic,2026-02-13 17:15:26.170,36.448666666667,-81.080666666667,0.05,2.24,73.224,349.8473691817147
seismic,2026-02-13 20:40:56.515,40.7289,-74.8327,5.0,1.5,391.788,51.92706327142033
seismic,2026-02-13 20:49:35.770,35.519666666667,-84.308333333333,17.12,2.47,252.394,459.4087699221324
seismic,2026-02-13 23:43:16.910,34.077,-81.229166666667,3.93,2.84,97.793,175.11798861263927
seismic,2026-02-14 01:18:12.550,35.519166666667,-84.308833333333,16.89,1.81,252.45,459.40047228382093
seismic,2026-02-14 19:22:20.030,36.262666666667,-89.517333333333,8.19,1.43,0.0,631.912108161867
seismic,2026-02-15 07:15:24.990,36.16,-89.670333333333,9.98,2.14,0.0,623.98666236864
seismic,2026-02-16 00:50:03.909,44.5116,-73.5208,7.371,2.0,275.387,90.12562479481768
seismic,2026-02-16 04:57:26.080,34.074,-81.2365,3.6,1.96,97.728,174.92504562595343
seismic,2026-02-16 13:37:01.772,46.403,-72.4269,9.228,2.1,409.429,1.1944952603205985
seismic,2026-02-16 22:31:21.040,35.508666666667,-88.183666666667,11.49,2.26,119.852,532.6130260932468
seismic,2026-02-16 23:44:40.440,34.064833333333,-81.231,0.04,1.79,96.59,173.8195799643296
seismic,2026-02-16 23:55:39.270,46.4697,-67.8602,5.0,2.3,464.375,146.84352532604515
seismic,2026-02-17 20:50:40.970,36.3085,-89.573,11.43,1.24,0.0,638.0396747700581
seismic,2026-02-19 06:38:12.240,35.558,-84.091,10.73,1.75,249.104,449.0903400992583
seismic,2026-02-20 05:02:53.710,38.572,-83.3915,9.59,2.17,97.301,521.3351067874547
seismic,2026-02-20 19:40:40.910,36.230666666667,-89.447,7.42,1.63,0.0,627.036200974856
seismic,2026-02-20 21:05:07.840,36.2305,-89.4465,7.25,2.04,0.0,627.0083636593216
seismic,2026-02-21 01:35:34.390,46.0431,-75.1026,14.385,1.7,482.821,77.61678693824688
seismic,2026-02-21 02:49:44.970,36.230666666667,-89.448166666667,7.74,1.52,0.0,627.058637317864
seismic,2026-02-21 16:16:06.483,41.7374,-81.0337,6.852,2.2,458.954,460.8904491292758
seismic,2026-02-22 10:50:00.284,39.2206,-83.5883,11.332,2.5,150.911,542.9856743094107
seismic,2026-02-22 11:32:58.260,36.065333333333,-89.800666666667,11.05,1.67,0.0,616.8101019563842
seismic,2026-02-23 00:45:41.570,36.5885,-81.060166666667,8.19,2.17,58.246,343.76212003027223
seismic,2026-02-24 23:32:27.255,47.4154,-70.1318,23.907,2.7,507.139,6.215735206245158
seismic,2026-02-25 00:46:29.290,36.128333333333,-83.701666666667,23.06,2.09,191.881,477.9753322219943
seismic,2026-02-25 13:03:54.340,36.5495,-89.7205,12.9,1.3,0.0,667.3683710122294
seismic,2026-02-25 15:10:32.290,33.773333333333,-82.746166666667,0.03,1.93,181.417,222.91575128859583
seismic,2026-02-26 00:21:43.080,35.761833333333,-84.183166666667,12.77,1.14,225.72,471.62200888054116
seismic,2026-02-26 17:17:26.200,34.063833333333,-81.240666666667,0.06,3.0,96.811,173.8914080391568
seismic,2026-02-27 03:25:20.910,44.0734,-75.7976,5.0,1.4,411.366,134.28184804397515
seismic,2026-02-27 03:46:25.290,38.667666666667,-83.4755,18.23,2.24,100.88,528.672958888139
seismic,2026-02-27 07:46:15.449,45.1142,-66.9689,8.582,1.3,396.325,4.548383344616127
seismic,2026-02-27 14:35:24.810,36.516333333333,-89.577833333333,9.77,1.7,0.0,660.8081085357537
seismic,2026-02-28 10:18:40.510,36.4955,-89.559666666667,8.39,2.19,0.0,658.1737774317934
seismic,2026-02-28 13:07:58.490,36.4925,-89.559666666667,8.84,1.68,0.0,657.8461065438947
seismic,2026-02-28 15:54:10.967,47.5073,-70.1228,19.373,1.6,517.301,7.016742422905521
seismic,2026-02-28 20:08:31.780,36.559166666667,-89.600166666667,9.28,1.66,0.0,665.9286351558846
seismic,2026-03-01 16:45:06.441,46.2624,-74.3282,21.201,1.5,462.562,77.90049689643544
seismic,2026-03-01 18:55:10.900,34.071833333333,-81.245,4.0,2.24,97.789,174.8485227593624
seismic,2026-03-02 03:10:06.185,44.715,-71.8851,4.953,1.7,218.225,150.92563116489444
seismic,2026-03-02 13:00:04.360,36.542166666667,-89.643333333333,9.34,2.84,0.0,664.9492555005882
seismic,2026-03-04 18:59:25.622,46.4367,-67.3428,12.798,1.9,483.389,134.16456913330768
seismic,2026-03-05 06:35:10.160,36.314,-89.521666666667,8.59,1.15,0.0,637.601886358687
seismic,2026-03-05 23:55:30.889,41.7437,-81.0786,4.949,2.9,459.935,464.1098488811652
seismic,2026-03-06 00:33:26.634,41.7421,-81.0184,7.555,2.3,459.39,460.31291104228217
seismic,2026-03-06 00:54:09.070,36.073833333333,-89.801,10.48,2.37,0.0,617.7337286932452
seismic,2026-03-06 06:39:32.180,36.209333333333,-89.464,9.68,1.51,0.0,625.0333872894967
seismic,2026-03-08 06:58:54.680,36.418333333333,-89.508166666667,7.43,1.34,0.0,648.7359826034512
seismic,2026-03-08 07:00:45.600,38.4255,-83.5605,20.28,1.72,75.339,536.2181754645414
seismic,2026-03-09 01:04:01.515,40.657,-74.7257,8.357,1.3,389.564,40.7749360171357
seismic,2026-03-10 03:11:58.570,36.555666666667,-89.648666666667,7.37,1.29,0.0,666.5300288322345
seismic,2026-03-10 14:17:03.339,41.0531,-73.8066,10.354,2.2,301.892,5.45612813077958
seismic,2026-03-11 00:44:39.202,46.7154,-66.9319,5.0,1.8,526.995,126.60490843625182
seismic,2026-03-12 10:34:08.840,36.265166666667,-89.484333333333,7.36,1.34,0.0,631.5317974936889
seismic,2026-03-12 11:44:41.435,40.7976,-74.5388,10.144,1.4,367.541,33.094065289612786
seismic,2026-03-13 07:48:01.010,32.7955,-79.389166666667,10.46,2.01,15.853,22.76307529760597
seismic,2026-03-13 11:24:27.689,41.7268,-80.9991,5.0,2.2,457.575,457.98120467600046
seismic,2026-03-14 05:52:40.670,37.4065,-78.8535,3.1,2.07,61.092,138.48715323362717
seismic,2026-03-15 00:34:33.549,46.9896,-66.6073,5.61,2.3,566.202,95.29155466144721
seismic,2026-03-15 06:11:28.239,47.0251,-66.5087,12.081,2.1,573.903,87.39310216033742
seismic,2026-03-15 12:21:14.329,41.4865,-72.4512,7.081,2.2,187.034,14.329126982661052
seismic,2026-03-15 12:26:23.395,41.4697,-72.4468,8.342,1.9,188.223,12.441773861514855
seismic,2026-03-16 19:35:52.910,34.881833333333,-85.003166666667,13.3,2.08,328.299,462.7740190713313
seismic,2026-03-16 22:35:37.549,47.9027,-69.8924,5.181,1.7,562.867,3.0173665128580596
seismic,2026-03-17 00:24:26.311,47.5313,-70.0825,17.711,1.9,520.307,7.120258968131993
seismic,2026-03-17 18:30:15.185,41.3578,-72.4484,5.0,1.5,197.955,4.790816961420589
seismic,2026-03-19 06:32:00.500,34.085666666667,-81.22,4.53,2.08,98.387,175.9025565974572
seismic,2026-03-19 19:47:17.170,35.640166666667,-84.182166666667,19.67,2.19,239.321,461.40420549757096
seismic,2026-03-20 05:40:40.420,33.471833333333,-87.246333333333,0.02,2.21,173.574,313.3762518966019
seismic,2026-03-20 21:51:37.170,37.318333333333,-77.664333333333,0.03,2.4,32.377,33.93921609313072
seismic,2026-03-21 07:19:22.813,44.1267,-75.5982,5.0,1.4,398.253,119.86746238802662
seismic,2026-03-21 13:08:02.885,43.7229,-76.4939,6.305,2.8,455.521,200.67047613282912
seismic,2026-03-22 23:50:52.360,36.409,-89.5345,10.5,2.04,0.0,648.2299588449794
seismic,2026-03-23 09:09:36.050,36.254,-89.440166666667,6.96,1.28,0.0,629.4577474708459
seismic,2026-03-24 00:04:33.590,35.2895,-83.312333333333,0.02,2.65,291.642,381.1584264619413
seismic,2026-03-24 03:13:16.240,35.286333333333,-83.306,0.2,2.17,292.14,380.5316567283285
seismic,2026-03-24 10:00:57.350,36.4675,-89.564166666667,9.7,1.33,0.0,655.2050956292223
seismic,2026-03-25 09:13:19.470,36.0065,-89.885333333333,5.0,2.33,0.0,612.6182645134664
seismic,2026-03-25 17:00:31.470,36.303333333333,-89.512333333333,8.81,1.99,0.0,636.2520589764654
seismic,2026-03-26 08:07:34.940,36.054333333333,-89.824333333333,6.51,2.21,0.0,616.2095334961399
seismic,2026-03-27 19:15:21.010,36.553833333333,-89.783,11.51,1.96,0.0,669.2028187699125
seismic,2026-03-28 07:28:26.490,36.107166666667,-89.398,5.93,1.44,0.0,612.5896134833905
seismic,2026-03-28 18:54:11.390,36.027166666667,-89.479166666667,4.99,1.69,0.0,605.4525254415827
seismic,2026-03-30 02:22:48.306,26.3383,-88.2721,10.0,3.9,290.123,305.1612188583645
seismic,2026-03-30 08:11:48.480,35.506833333333,-83.468166666667,6.97,1.84,264.477,409.0411479059002
seismic,2026-03-30 20:43:08.560,32.478,-82.126666666667,6.49,2.05,106.21,112.7151250542762
